total_transactions,total_fraud,fraud_rate,avg_amount_non_fraud,avg_amount_fraud
1296675,7506,0.005788651743883394,67.6671098126002,531.3200919264589
